run,experiment,variant,coverage,samples,fold_count,checkpoint_count,selection_metric,cv_metric_mean,cv_metric_std,oof_tile_rmse,oof_global_rmse,oof_mae,oof_bias,best_rain_threshold_tile_rmse,best_value_threshold_tile_rmse,calibration_source,score_source,artifact_warning,source_path
exp003,exp003,,full_oof,40686,5,5,,1.078130778852288,0.2662497896258415,0.6578913590971195,1.0942934892886482,0.3467205366493765,0.08423292430121557,,,exp003_oof,E-3 OOF recomputation,,outputs/analysis/exp003/analysis_summary.json
exp004,exp004,,full_oof,40686,5,5,,1.0702060628407,0.2643363851691115,0.6306514073784132,1.0849845542214727,0.28680960452967524,0.004283148986027946,,,exp004_oof,E-3 OOF recomputation,,outputs/analysis/exp004/analysis_summary.json
exp005,exp005,,full_oof,40686,5,5,,1.0839838103542532,0.26586742312992667,0.6558525586226971,1.098965831465284,0.3411813728957411,0.07100279440848495,,,exp005_oof,E-3 OOF recomputation,,outputs/analysis/exp005/analysis_summary.json
exp006,exp006,,full_oof,40686,5,5,,1.0799095227096112,0.2673001439681276,0.6468059483476116,1.0954730251380163,0.3093276269208627,0.025388592960494658,,,exp006_oof,E-3 OOF recomputation,,outputs/analysis/exp006/analysis_summary.json
exp008,exp008,,full_oof,40686,5,5,tile_rmse,1.0702060628407,0.2643363851691115,0.6306514073784132,1.0849845542214727,0.28680960452967524,0.004283148986027946,0.6289079095268454,0.6295363456933764,exp008_oof,analysis_summary,,outputs/analysis/exp008/analysis_summary.json
exp009,exp009,,full_oof,40686,5,5,tile_rmse,0.6311127769401115,0.1690897474162821,0.6239413327349473,1.083465757882074,0.2913669988542915,0.015454952860959034,0.6186652636989249,0.6210898290236431,exp009_oof,analysis_summary,,outputs/analysis/exp009/analysis_summary.json
exp010,exp010,,full_oof,40681,5,5,tile_rmse,0.649763963451866,0.24212893446883765,0.6429138007419206,1.1094728997259995,0.298114777746893,0.01075954050683756,0.638666602466222,0.6407208481174841,exp010_oof,analysis_summary,,outputs/analysis/exp010/analysis_summary.json
exp011,exp011,,full_oof,40686,5,5,tile_rmse,0.6416401022147371,0.18128735594183626,0.6327977835147924,1.104283937073312,0.2814505085263263,-0.028054188350953913,0.6315701349945319,0.6320798830179795,exp011_oof,analysis_summary,,outputs/analysis/exp011/analysis_summary.json
exp012,exp012,,full_oof,40686,5,5,tile_rmse,0.6293427058640921,0.17780860854373565,0.6216131326006141,1.0831538387769557,0.2825059955099367,-0.004790615023823769,0.6186405678167718,0.6195002300783355,exp012_oof,analysis_summary,,outputs/analysis/exp012/analysis_summary.json
exp013,exp013,,full_oof,40686,5,5,tile_rmse,0.6363829506512682,0.1719098330861314,0.628460515073362,1.0955052080866494,0.29019408330053387,0.0073281992623390226,0.6244418856470201,0.6264853147719653,exp013_oof,analysis_summary,,outputs/analysis/exp013/analysis_summary.json
exp015,exp015,,full_oof,40686,5,5,tile_rmse,0.6311127769401115,0.1690897474162821,0.6239413327349473,1.083465757882074,0.2913669988542915,0.015454952860959034,0.6186652636989249,0.6210898290236431,exp015_oof (exp009 checkpoints),analysis_summary,,outputs/analysis/exp015/analysis_summary.json
exp016,exp016,,full_oof,40686,5,5,tile_rmse,0.6262107091935698,0.18014186927790457,0.6186069058173201,1.0883766196862659,0.27248159825439744,-0.011287615872974648,0.6178385807409432,0.6182493952362812,exp016_oof,analysis_summary,,outputs/analysis/exp016/analysis_summary.json
exp017,exp017,,full_oof,40686,5,5,tile_rmse,0.6236079190305188,0.17275110803670865,0.6162848370247235,1.0760022382578376,0.27465024495109047,-0.006520874766069015,0.6150408436462795,0.6155813011602069,exp017_oof,analysis_summary,,outputs/analysis/exp017/analysis_summary.json
exp018,exp018,,full_oof,40686,5,5,tile_rmse,0.615739019207873,0.176958110824676,0.6092612686033531,1.0701165130058845,0.27076508685152567,-0.005732887013362002,0.6082267998454942,0.6088016014114213,exp018_oof,analysis_summary,,outputs/analysis/exp018/analysis_summary.json
exp023/mean,exp023,mean,full_oof,40686,5,5,tile_rmse,0.6236779792030496,0.1805379928621575,0.6273436048792859,1.1019266888775092,0.2785648318914337,-0.011870273245073431,0.6257473613823696,0.6264382106398422,exp016_oof,analysis_summary,,outputs/analysis/exp023/mean/analysis_summary.json
exp023/median,exp023,median,full_oof,40686,5,5,tile_rmse,0.6236779792030496,0.1805379928621575,0.6288517439585536,1.1505258665912699,0.24292894045631877,-0.1423092325897351,0.6287023761504115,0.6287675156456599,exp016_oof,analysis_summary,,outputs/analysis/exp023/median/analysis_summary.json
exp028,exp028,,partial_oof,8590,1,1,tile_rmse,0.3012018859802775,0.0,0.3001665770293274,0.640761326116805,0.13877598444657024,-0.0013220834602790338,0.29551632062416,0.29746704048306893,exp017_oof,analysis_summary,,outputs/analysis/exp028/analysis_summary.json
exp029,exp029,,partial_oof,8590,1,1,tile_rmse,0.30482242212861743,0.0,0.3044366885850621,0.6570845226139933,0.13786174797410375,-0.0053749149405885165,0.3018453320278,0.3029159090242092,exp017_oof,analysis_summary,,outputs/analysis/exp029/analysis_summary.json
exp030,exp030,,full_oof,40686,1,5,tile_rmse,0.2999447336956009,0.0,0.653421993689421,1.1292819095532738,0.2986339712424184,0.006023584520138179,0.6507969202063745,0.6516964222851468,exp017_oof,analysis_summary,training_folds=1 but checkpoint_count=5,outputs/analysis/exp030/analysis_summary.json
exp032,exp032,,partial_oof,8590,1,1,tile_rmse,0.3088197099593521,0.0,0.3074981559718622,0.6408310177336975,0.13902426186523914,0.0064056446480838785,0.30427093860260684,0.3050495703194,exp017_oof,analysis_summary,,outputs/analysis/exp032/analysis_summary.json
exp035_no_dilation,exp035,,full_oof,40686,5,5,tile_rmse,0.6139335068166055,0.17848663717697344,0.6066118597087939,1.0686851470706795,0.2689707328270911,-0.01163074104229786,0.605997492479847,0.6063071129085597,exp035_oof,analysis_summary,,outputs/analysis/exp035_no_dilation/analysis_summary.json
exp038,exp038,,full_oof,40686,5,5,tile_rmse,0.620468549561414,0.1794492781296517,0.6131313580811294,1.0810015024983293,0.27401255084154913,-0.008938269417626937,0.6126443655105123,0.6128783655258673,exp038_oof,analysis_summary,,outputs/analysis/exp038/analysis_summary.json
exp038_canonical_only,exp038,,full_oof,40686,5,5,tile_rmse,0.6161889578816708,0.17890287636650043,0.607731924550288,1.0742141500497522,0.2610332858823596,-0.0343040255010212,0.6069699823649652,0.607623888248606,exp038_oof,analysis_summary,,outputs/analysis/exp038_canonical_only/analysis_summary.json
exp038_features,exp038,,full_oof,40686,5,5,tile_rmse,0.6149396944865116,0.1772051302747091,0.6072463073743475,1.0701487783714887,0.270653623061981,-0.013257128658956606,0.6061528050583809,0.6064156169317501,exp038_oof,analysis_summary,,outputs/analysis/exp038_features/analysis_summary.json
exp038_sigmafixed,exp038,,full_oof,40686,5,5,tile_rmse,0.6156896559633852,0.17815694354713796,0.608279555870277,1.0797677339489709,0.25723665310164984,-0.04745437494100186,0.6080094535887003,0.6081500644421337,exp038_oof,analysis_summary,,outputs/analysis/exp038_sigmafixed/analysis_summary.json
exp040_metric,exp040,,full_oof,40686,5,5,tile_rmse,0.6151903485701606,0.17954217029888006,0.6068164037946446,1.0788806373209878,0.26013096980400874,-0.039712503442049255,,0.6066786047624803,exp040_oof,analysis_summary,,outputs/analysis/exp040_metric/analysis_summary.json
exp047,exp047,,full_oof,40686,5,5,tile_rmse,0.6163914960204693,0.18280238935683435,0.608346832693426,1.0816330923897632,0.25854060939264967,-0.04709576263591755,0.6080957141388328,0.6082118225950904,exp047_oof,analysis_summary,,outputs/analysis/exp047/analysis_summary.json
exp047_sigmafixed,exp047,,full_oof,40686,5,5,tile_rmse,0.6152252054357816,0.18167669005113268,0.6074681676103141,1.0893317013335708,0.24901584397678136,-0.0748805188569403,0.6073727988955612,0.6073681643963689,exp047_oof,analysis_summary,,outputs/analysis/exp047_sigmafixed/analysis_summary.json
exp050,exp050,,full_oof,40686,5,5,tile_rmse,0.6169499054505746,0.17723097454336065,0.6089585458741784,1.0745830325414076,0.26735599500760365,-0.028697113209014625,0.6080708739431352,0.6083909365812188,exp050_oof,analysis_summary,,outputs/analysis/exp050/analysis_summary.json
exp050_sigmafixed,exp050,,full_oof,40686,5,5,tile_rmse,0.6140230589115141,0.17779133671735597,0.6064266646812201,1.0779928294408612,0.25748805775387984,-0.04012182005493937,0.6060755715271634,0.606288013855955,exp050_oof,analysis_summary,,outputs/analysis/exp050_sigmafixed/analysis_summary.json
exp051,exp051,,full_oof,40686,5,5,tile_rmse,0.6183563671959258,0.17740150980738392,0.6107596214324947,1.074621404460835,0.2675832512487898,-0.019307362450332374,0.6102342514430121,0.6104167477249813,exp051_oof,analysis_summary,,outputs/analysis/exp051/analysis_summary.json
exp052,exp052,,full_oof,40686,5,5,tile_rmse,0.618973421199924,0.17937911449986665,0.6113848779568436,1.078893285324043,0.2691243619974665,-0.023848167197960412,0.6104895021666484,0.610940049458154,exp052_oof,analysis_summary,,outputs/analysis/exp052/analysis_summary.json
exp054_midband,exp054,,full_oof,40686,5,5,tile_rmse,0.6174102658491494,0.1787806229409051,0.6096616769026838,1.0738829456715924,0.2666152093772723,-0.023669134205342647,0.6093128281193161,0.6094430452155694,exp054_oof,analysis_summary,,outputs/analysis/exp054_midband/analysis_summary.json
exp056,exp056,,full_oof,40686,5,5,tile_rmse,0.6104866990404151,0.17828033686511632,0.6025185889031528,1.0713426960834778,0.2622348373403967,-0.030666059367808442,0.6024488003844418,0.6024238031672912,exp056_oof,analysis_summary,,outputs/analysis/exp056/analysis_summary.json
exp056_seed123,exp056,,full_oof,40686,5,5,tile_rmse,0.6176350820258755,0.23372241839748842,0.6082594863785351,1.0713121779249608,0.2690524563763726,-0.017582758023138058,0.6081234758946144,0.608039492841808,exp056_oof,analysis_summary,,outputs/analysis/exp056_seed123/analysis_summary.json
exp056_seed1337,exp056,,full_oof,40686,5,5,tile_rmse,0.6488803737877966,0.3151012315672164,0.630905502116526,1.1074951465847103,0.2855452066013261,-0.002505342824871894,0.630841603445588,0.6308220675209539,exp056_oof,analysis_summary,,outputs/analysis/exp056_seed1337/analysis_summary.json
exp056_seed2024,exp056,,full_oof,40686,4,5,tile_rmse,0.6157549937156712,0.22958839379395082,0.6061034776449047,1.0693742625012594,0.27026978667865126,-0.010242908687584242,0.6058874980708645,0.6059175023529537,exp056_oof,analysis_summary,training_folds=4 but checkpoint_count=5,outputs/analysis/exp056_seed2024/analysis_summary.json
exp056_seed456,exp056,,full_oof,40686,5,5,tile_rmse,0.6328758228056346,0.23477413415352835,0.6162119263461127,1.0904306323931663,0.27648972260428956,-0.014281963888203996,0.6156597368506886,0.6157413223252094,exp056_oof,analysis_summary,,outputs/analysis/exp056_seed456/analysis_summary.json
exp056_seed789,exp056,,full_oof,40686,5,5,tile_rmse,0.6129398945239288,0.19003765010964382,0.6059649741003388,1.0707614579441318,0.2635410954272155,-0.02957907014148314,0.6057619463028103,0.6057519179839409,exp056_oof,analysis_summary,,outputs/analysis/exp056_seed789/analysis_summary.json
exp064_effb3,exp064,,full_oof,40686,5,5,tile_rmse,0.6074858827246536,0.1742145203542578,0.5975772949397172,1.0657739395884476,0.26229801265605346,-0.030465892072190862,0.597197095533692,0.5973004164006961,exp056_oof,analysis_summary,,outputs/analysis/exp064_effb3/analysis_summary.json
exp064_effb4,exp064,,full_oof,40686,5,5,tile_rmse,0.6169891421163194,0.1819492269183483,0.6048430056434388,1.081116845643315,0.2620687407965233,-0.041114791480914924,0.6045909639855287,0.6046738373611695,exp056_oof,analysis_summary,,outputs/analysis/exp064_effb4/analysis_summary.json
exp064_effv2s,exp064,,full_oof,40686,5,5,tile_rmse,0.6164926873995942,0.18200887932452564,0.6044352639199776,1.0855564821303878,0.2607104214770757,-0.03476782929459631,0.6043109447537004,0.6043071328314034,exp056_oof,analysis_summary,,outputs/analysis/exp064_effv2s/analysis_summary.json
exp064_swin_lr2e4,exp064,,full_oof,40686,5,5,tile_rmse,0.6079605165798194,0.1806662806422335,0.5991943441458041,1.0645379455335109,0.2595070002857041,-0.029624072805224527,0.5989217724328479,0.5987460696574185,exp056_oof,analysis_summary,,outputs/analysis/exp064_swin_lr2e4/analysis_summary.json
