run,experiment,fold,selection_metric,best_tile_rmse,best_rmse,selected_score,valid_rows,valid_locations,epochs_completed,source_path
exp001,exp001,,rmse,,0.7990195495379466,0.7990195495379466,3000,bihar;borno_state;gaza_province;kinshasa,3,g_model/exp001/metrics.json
exp002,exp002,0,rmse,,0.6451115216489155,0.6451115216489155,8590,france;friuli_venezia_giulia,20,g_model/exp002/metrics_fold0.json
exp002,exp002,1,rmse,,1.1075992527875775,1.1075992527875775,8700,borno_state;ecuador;gaza_province;guangdong;hat_yai,20,g_model/exp002/metrics_fold1.json
exp002,exp002,2,rmse,,1.1817904275771327,1.1817904275771327,7319,atlantic_coast;cape_town;central_philippines;jamaica,20,g_model/exp002/metrics_fold2.json
exp002,exp002,3,rmse,,1.4731953655264163,1.4731953655264163,7340,aceh;bahia_blanca;central_vietnam;dhaka,20,g_model/exp002/metrics_fold3.json
exp002,exp002,4,rmse,,0.9841859458657428,0.9841859458657428,8737,andalusia;bihar;florida;jakarta;kinshasa,20,g_model/exp002/metrics_fold4.json
exp003,exp003,0,rmse,,0.6489179762961311,0.6489179762961311,8590,france;friuli_venezia_giulia,20,g_model/exp003/metrics_fold0.json
exp003,exp003,1,rmse,,1.1122116774253878,1.1122116774253878,8700,borno_state;ecuador;gaza_province;guangdong;hat_yai,20,g_model/exp003/metrics_fold1.json
exp003,exp003,2,rmse,,1.1871873853846178,1.1871873853846178,7319,atlantic_coast;cape_town;central_philippines;jamaica,20,g_model/exp003/metrics_fold2.json
exp003,exp003,3,rmse,,1.4622563093959373,1.4622563093959373,7340,aceh;bahia_blanca;central_vietnam;dhaka,20,g_model/exp003/metrics_fold3.json
exp003,exp003,4,rmse,,0.9800805457593653,0.9800805457593653,8737,andalusia;bihar;florida;jakarta;kinshasa,20,g_model/exp003/metrics_fold4.json
exp004,exp004,0,rmse,,0.6475639694547606,0.6475639694547606,8590,france;friuli_venezia_giulia,20,g_model/exp004/metrics_fold0.json
exp004,exp004,1,rmse,,1.082149579347463,1.082149579347463,8700,borno_state;ecuador;gaza_province;guangdong;hat_yai,20,g_model/exp004/metrics_fold1.json
exp004,exp004,2,rmse,,1.1894840481945506,1.1894840481945506,7319,atlantic_coast;cape_town;central_philippines;jamaica,20,g_model/exp004/metrics_fold2.json
exp004,exp004,3,rmse,,1.45456821545829,1.45456821545829,7340,aceh;bahia_blanca;central_vietnam;dhaka,20,g_model/exp004/metrics_fold3.json
exp004,exp004,4,rmse,,0.9772645017484357,0.9772645017484357,8737,andalusia;bihar;florida;jakarta;kinshasa,20,g_model/exp004/metrics_fold4.json
exp005,exp005,0,rmse,,0.6556985494834446,0.6556985494834446,8590,france;friuli_venezia_giulia,20,g_model/exp005/metrics_fold0.json
exp005,exp005,1,rmse,,1.0948162977263132,1.0948162977263132,8700,borno_state;ecuador;gaza_province;guangdong;hat_yai,20,g_model/exp005/metrics_fold1.json
exp005,exp005,2,rmse,,1.197506962629894,1.197506962629894,7319,atlantic_coast;cape_town;central_philippines;jamaica,20,g_model/exp005/metrics_fold2.json
exp005,exp005,3,rmse,,1.4713288585770874,1.4713288585770874,7340,aceh;bahia_blanca;central_vietnam;dhaka,20,g_model/exp005/metrics_fold3.json
exp005,exp005,4,rmse,,1.000568383354526,1.000568383354526,8737,andalusia;bihar;florida;jakarta;kinshasa,20,g_model/exp005/metrics_fold4.json
exp006,exp006,0,rmse,,0.6544549854170844,0.6544549854170844,8590,france;friuli_venezia_giulia,20,g_model/exp006/metrics_fold0.json
exp006,exp006,1,rmse,,1.0979207897926258,1.0979207897926258,8700,borno_state;ecuador;gaza_province;guangdong;hat_yai,20,g_model/exp006/metrics_fold1.json
exp006,exp006,2,rmse,,1.2091437204761926,1.2091437204761926,7319,atlantic_coast;cape_town;central_philippines;jamaica,20,g_model/exp006/metrics_fold2.json
exp006,exp006,3,rmse,,1.4644822278603953,1.4644822278603953,7340,aceh;bahia_blanca;central_vietnam;dhaka,20,g_model/exp006/metrics_fold3.json
exp006,exp006,4,rmse,,0.973545890001758,0.973545890001758,8737,andalusia;bihar;florida;jakarta;kinshasa,20,g_model/exp006/metrics_fold4.json
exp009,exp009,0,tile_rmse,0.32631640170589177,0.6577919365896606,0.32631640170589177,8590,france;friuli_venezia_giulia,20,g_model/exp009/metrics_fold0.json
exp009,exp009,1,tile_rmse,0.7402300901522582,1.0762144806044802,0.7402300901522582,8700,borno_state;ecuador;gaza_province;guangdong;hat_yai,20,g_model/exp009/metrics_fold1.json
exp009,exp009,2,tile_rmse,0.6634702092556537,1.143951702581152,0.6634702092556537,7319,atlantic_coast;cape_town;central_philippines;jamaica,20,g_model/exp009/metrics_fold2.json
exp009,exp009,3,tile_rmse,0.8217811929432508,1.4801099857621136,0.8217811929432508,7340,aceh;bahia_blanca;central_vietnam;dhaka,20,g_model/exp009/metrics_fold3.json
exp009,exp009,4,tile_rmse,0.6037659906435029,0.9793542435757681,0.6037659906435029,8737,andalusia;bihar;florida;jakarta;kinshasa,20,g_model/exp009/metrics_fold4.json
exp010,exp010,0,tile_rmse,0.3301014276613873,0.6478916012531207,0.3301014276613873,8590,france;friuli_venezia_giulia,20,g_model/exp010/metrics_fold0.json
exp010,exp010,1,tile_rmse,0.7347982288818412,1.1289354284992204,0.7347982288818412,8699,bihar;borno_state;ecuador;gaza_province;hat_yai,20,g_model/exp010/metrics_fold1.json
exp010,exp010,2,tile_rmse,0.4722472217832963,0.8985886059292745,0.4722472217832963,7318,atlantic_coast;cape_town;central_philippines;dhaka,20,g_model/exp010/metrics_fold2.json
exp010,exp010,3,tile_rmse,1.0392392944269395,1.59325361893437,1.0392392944269395,7338,aceh;bahia_blanca;central_vietnam;jakarta,20,g_model/exp010/metrics_fold3.json
exp010,exp010,4,tile_rmse,0.6724336445058658,1.1212091956740997,0.6724336445058658,8736,andalusia;florida;guangdong;jamaica;kinshasa,20,g_model/exp010/metrics_fold4.json
exp011,exp011,0,tile_rmse,0.3085205327715113,0.6369351029707548,0.3085205327715113,8590,france;friuli_venezia_giulia,20,g_model/exp011/metrics_fold0.json
exp011,exp011,1,tile_rmse,0.7539310886668062,1.1094353905398484,0.7539310886668062,8700,borno_state;ecuador;gaza_province;guangdong;hat_yai,20,g_model/exp011/metrics_fold1.json
exp011,exp011,2,tile_rmse,0.6941215771846325,1.207572249795596,0.6941215771846325,7319,atlantic_coast;cape_town;central_philippines;jamaica,20,g_model/exp011/metrics_fold2.json
exp011,exp011,3,tile_rmse,0.834953324387119,1.4986234894080832,0.834953324387119,7340,aceh;bahia_blanca;central_vietnam;dhaka,20,g_model/exp011/metrics_fold3.json
exp011,exp011,4,tile_rmse,0.6166739880636162,0.9839841314386096,0.6166739880636162,8737,andalusia;bihar;florida;jakarta;kinshasa,20,g_model/exp011/metrics_fold4.json
exp012,exp012,0,tile_rmse,0.301497499101792,0.6314714885257711,0.301497499101792,8590,france;friuli_venezia_giulia,20,g_model/exp012/metrics_fold0.json
exp012,exp012,1,tile_rmse,0.7316611705977342,1.0779145068874982,0.7316611705977342,8700,borno_state;ecuador;gaza_province;guangdong;hat_yai,20,g_model/exp012/metrics_fold1.json
exp012,exp012,2,tile_rmse,0.6857135376328897,1.1882636618847557,0.6857135376328897,7319,atlantic_coast;cape_town;central_philippines;jamaica,20,g_model/exp012/metrics_fold2.json
exp012,exp012,3,tile_rmse,0.8203242015286427,1.4701039626446692,0.8203242015286427,7340,aceh;bahia_blanca;central_vietnam;dhaka,20,g_model/exp012/metrics_fold3.json
exp012,exp012,4,tile_rmse,0.6075171204594025,0.9575550611543654,0.6075171204594025,8737,andalusia;bihar;florida;jakarta;kinshasa,20,g_model/exp012/metrics_fold4.json
exp013,exp013,0,tile_rmse,0.3180981742766739,0.6503616804537287,0.3180981742766739,8590,france;friuli_venezia_giulia,20,g_model/exp013/metrics_fold0.json
exp013,exp013,1,tile_rmse,0.7368361326195728,1.0831680154558698,0.7368361326195728,8700,borno_state;ecuador;gaza_province;guangdong;hat_yai,20,g_model/exp013/metrics_fold1.json
exp013,exp013,2,tile_rmse,0.691034465820546,1.2164193184170473,0.691034465820546,7319,atlantic_coast;cape_town;central_philippines;jamaica,20,g_model/exp013/metrics_fold2.json
exp013,exp013,3,tile_rmse,0.8181434841263197,1.4786272443396398,0.8181434841263197,7340,aceh;bahia_blanca;central_vietnam;dhaka,20,g_model/exp013/metrics_fold3.json
exp013,exp013,4,tile_rmse,0.6178024964132284,0.9708172234663043,0.6178024964132284,8737,andalusia;bihar;florida;jakarta;kinshasa,20,g_model/exp013/metrics_fold4.json
exp016,exp016,0,tile_rmse,0.2946111551471861,0.6289716930703005,0.2946111551471861,8590,france;friuli_venezia_giulia,100,g_model/exp016/metrics_fold0.json
exp016,exp016,1,tile_rmse,0.7630137771299516,1.1276272259458688,0.7630137771299516,8700,borno_state;ecuador;gaza_province;guangdong;hat_yai,100,g_model/exp016/metrics_fold1.json
exp016,exp016,2,tile_rmse,0.6669935704434011,1.1886917789287932,0.6669935704434011,7319,atlantic_coast;cape_town;central_philippines;jamaica,100,g_model/exp016/metrics_fold2.json
exp016,exp016,3,tile_rmse,0.8033643678074311,1.449205795553185,0.8033643678074311,7340,aceh;bahia_blanca;central_vietnam;dhaka,100,g_model/exp016/metrics_fold3.json
exp016,exp016,4,tile_rmse,0.6030706754398794,0.9636441497690902,0.6030706754398794,8737,andalusia;bihar;florida;jakarta;kinshasa,26,g_model/exp016/metrics_fold4.json
exp017,exp017,0,tile_rmse,0.30641739024966086,0.649040714952724,0.30641739024966086,8590,france;friuli_venezia_giulia,100,g_model/exp017/metrics_fold0.json
exp017,exp017,1,tile_rmse,0.7398146939551693,1.0915068170191253,0.7398146939551693,8700,borno_state;ecuador;gaza_province;guangdong;hat_yai,100,g_model/exp017/metrics_fold1.json
exp017,exp017,2,tile_rmse,0.6610482985049198,1.1399115447564652,0.6610482985049198,7319,atlantic_coast;cape_town;central_philippines;jamaica,100,g_model/exp017/metrics_fold2.json
exp017,exp017,3,tile_rmse,0.8061910165022115,1.450483496067588,0.8061910165022115,7340,aceh;bahia_blanca;central_vietnam;dhaka,100,g_model/exp017/metrics_fold3.json
exp017,exp017,4,tile_rmse,0.6045681959406332,0.9729841234500205,0.6045681959406332,8737,andalusia;bihar;florida;jakarta;kinshasa,38,g_model/exp017/metrics_fold4.json
exp018,exp018,0,tile_rmse,0.29233669933187534,0.6200220767619518,0.29233669933187534,8590,france;friuli_venezia_giulia,100,g_model/exp018/metrics_fold0.json
exp018,exp018,1,tile_rmse,0.7512415688613365,1.0957760689093374,0.7512415688613365,8700,borno_state;ecuador;gaza_province;guangdong;hat_yai,100,g_model/exp018/metrics_fold1.json
exp018,exp018,2,tile_rmse,0.6583334061434595,1.1600904390299778,0.6583334061434595,7319,atlantic_coast;cape_town;central_philippines;jamaica,100,g_model/exp018/metrics_fold2.json
exp018,exp018,3,tile_rmse,0.791468755980035,1.4292090285264076,0.791468755980035,7340,aceh;bahia_blanca;central_vietnam;dhaka,100,g_model/exp018/metrics_fold3.json
exp018,exp018,4,tile_rmse,0.5853146657226587,0.9570631998512336,0.5853146657226587,8737,andalusia;bihar;florida;jakarta;kinshasa,100,g_model/exp018/metrics_fold4.json
exp022/canonical,exp022,1,tile_rmse,0.7503953287793302,1.1217647861314493,0.7503953287793302,8700,borno_state;ecuador;gaza_province;guangdong;hat_yai,13,g_model/exp022/canonical/metrics_fold1.json
exp022/canonical,exp022,3,tile_rmse,0.8158428826757608,1.4549247381234756,0.8158428826757608,7340,aceh;bahia_blanca;central_vietnam;dhaka,36,g_model/exp022/canonical/metrics_fold3.json
exp022/engineered,exp022,1,tile_rmse,0.7379541061116361,1.1055283240690534,0.7379541061116361,8700,borno_state;ecuador;gaza_province;guangdong;hat_yai,27,g_model/exp022/engineered/metrics_fold1.json
exp022/engineered,exp022,3,tile_rmse,0.8163891336228445,1.4522783871615563,0.8163891336228445,7340,aceh;bahia_blanca;central_vietnam;dhaka,37,g_model/exp022/engineered/metrics_fold3.json
exp022/full,exp022,1,tile_rmse,0.7648647987705538,1.137238727901156,0.7648647987705538,8700,borno_state;ecuador;gaza_province;guangdong;hat_yai,17,g_model/exp022/full/metrics_fold1.json
exp022/full,exp022,3,tile_rmse,0.8095515605650985,1.4565003001362717,0.8095515605650985,7340,aceh;bahia_blanca;central_vietnam;dhaka,36,g_model/exp022/full/metrics_fold3.json
exp025/seed123,exp025,0,tile_rmse,0.3143861453975871,0.6553020109045128,0.3143861453975871,8590,france;friuli_venezia_giulia,38,g_model/exp025/seed123/metrics_fold0.json
exp025/seed123,exp025,1,tile_rmse,0.6378896204493512,1.0008881503504627,0.6378896204493512,8700,bihar;borno_state;central_philippines;ecuador;gaza_province,16,g_model/exp025/seed123/metrics_fold1.json
exp025/seed123,exp025,2,tile_rmse,0.5280772587659825,0.9495923120372532,0.5280772587659825,7319,atlantic_coast;cape_town;dhaka;hat_yai,20,g_model/exp025/seed123/metrics_fold2.json
exp025/seed123,exp025,3,tile_rmse,1.0223468034079028,1.621804244893075,1.0223468034079028,7340,aceh;bahia_blanca;central_vietnam;jamaica,32,g_model/exp025/seed123/metrics_fold3.json
exp025/seed123,exp025,4,tile_rmse,0.6418861705241465,0.9867744756040795,0.6418861705241465,8737,andalusia;florida;guangdong;jakarta;kinshasa,35,g_model/exp025/seed123/metrics_fold4.json
exp025/seed2026,exp025,0,tile_rmse,0.3186839575123593,0.6432756487539055,0.3186839575123593,8590,france;friuli_venezia_giulia,20,g_model/exp025/seed2026/metrics_fold0.json
exp025/seed2026,exp025,1,tile_rmse,0.4687224172894982,0.8641285786934784,0.4687224172894982,8700,atlantic_coast;borno_state;cape_town;central_philippines;dhaka,22,g_model/exp025/seed2026/metrics_fold1.json
exp025/seed2026,exp025,2,tile_rmse,0.7515626073022051,1.2484908969246267,0.7515626073022051,7319,central_vietnam;ecuador;gaza_province;guangdong,11,g_model/exp025/seed2026/metrics_fold2.json
exp025/seed2026,exp025,3,tile_rmse,1.0846447850443037,1.625595324006911,1.0846447850443037,7340,aceh;bahia_blanca;hat_yai;jamaica,18,g_model/exp025/seed2026/metrics_fold3.json
exp025/seed2026,exp025,4,tile_rmse,0.6111316571140694,0.977624675254078,0.6111316571140694,8737,andalusia;bihar;florida;jakarta;kinshasa,27,g_model/exp025/seed2026/metrics_fold4.json
exp025/seed42,exp025,0,tile_rmse,0.3052521547560642,0.6328949099324294,0.3052521547560642,8590,france;friuli_venezia_giulia,30,g_model/exp025/seed42/metrics_fold0.json
exp025/seed42,exp025,1,tile_rmse,0.7308596138022412,1.0841764462200347,0.7308596138022412,8700,borno_state;ecuador;gaza_province;guangdong;hat_yai,20,g_model/exp025/seed42/metrics_fold1.json
exp025/seed42,exp025,2,tile_rmse,0.6740807601216224,1.1724528848085156,0.6740807601216224,7319,atlantic_coast;cape_town;central_philippines;jamaica,22,g_model/exp025/seed42/metrics_fold2.json
exp025/seed42,exp025,3,tile_rmse,0.8164551138065816,1.4577436855417312,0.8164551138065816,7340,aceh;bahia_blanca;central_vietnam;dhaka,40,g_model/exp025/seed42/metrics_fold3.json
exp025/seed42,exp025,4,tile_rmse,0.6042563145925023,0.9737017405664391,0.6042563145925023,8737,andalusia;bihar;florida;jakarta;kinshasa,36,g_model/exp025/seed42/metrics_fold4.json
exp028,exp028,0,tile_rmse,0.3012018859802775,0.6418980492340206,0.3012018859802775,8590,france;friuli_venezia_giulia,100,g_model/exp028/metrics_fold0.json
exp029,exp029,0,tile_rmse,0.30482242212861743,0.6575447006574952,0.30482242212861743,8590,france;friuli_venezia_giulia,100,g_model/exp029/metrics_fold0.json
exp030,exp030,0,tile_rmse,0.2999447336956009,0.6314275198942778,0.2999447336956009,8590,france;friuli_venezia_giulia,100,g_model/exp030/metrics_fold0.json
exp031,exp031,0,tile_rmse,0.30834980551522045,0.6549956964262731,0.30834980551522045,8590,france;friuli_venezia_giulia,100,g_model/exp031/metrics_fold0.json
exp032,exp032,0,tile_rmse,0.3088197099593521,0.6423436567067197,0.3088197099593521,8590,france;friuli_venezia_giulia,100,g_model/exp032/metrics_fold0.json
exp035,exp035,0,tile_rmse,0.2948499880514267,0.6459695110504748,0.2948499880514267,8590,france;friuli_venezia_giulia,100,g_model/exp035/metrics_fold0.json
exp035,exp035,4,tile_rmse,0.5883653623002801,0.9584047062732779,0.5883653623002801,8737,andalusia;bihar;florida;jakarta;kinshasa,100,g_model/exp035/metrics_fold4.json
exp035_dilation_only,exp035,0,tile_rmse,0.2963888917729796,0.6496913269486496,0.2963888917729796,8590,france;friuli_venezia_giulia,100,g_model/exp035_dilation_only/metrics_fold0.json
exp035_dilation_only,exp035,4,tile_rmse,0.5868183568629954,0.950932184662245,0.5868183568629954,8737,andalusia;bihar;florida;jakarta;kinshasa,100,g_model/exp035_dilation_only/metrics_fold4.json
exp035_no_dilation,exp035,0,tile_rmse,0.28693894905420897,0.6358928689162311,0.28693894905420897,8590,france;friuli_venezia_giulia,100,g_model/exp035_no_dilation/metrics_fold0.json
exp035_no_dilation,exp035,1,tile_rmse,0.7409424125189069,1.0823313075368373,0.7409424125189069,8700,borno_state;ecuador;gaza_province;guangdong;hat_yai,100,g_model/exp035_no_dilation/metrics_fold1.json
exp035_no_dilation,exp035,2,tile_rmse,0.6600114888572549,1.1567459907070032,0.6600114888572549,7319,atlantic_coast;cape_town;central_philippines;jamaica,100,g_model/exp035_no_dilation/metrics_fold2.json
exp035_no_dilation,exp035,3,tile_rmse,0.7963949942631439,1.4394117362609935,0.7963949942631439,7340,aceh;bahia_blanca;central_vietnam;dhaka,100,g_model/exp035_no_dilation/metrics_fold3.json
exp035_no_dilation,exp035,4,tile_rmse,0.5853796893895129,0.9490671139508979,0.5853796893895129,8737,andalusia;bihar;florida;jakarta;kinshasa,100,g_model/exp035_no_dilation/metrics_fold4.json
exp035_tilemean,exp035,0,tile_rmse,0.28987660120405057,0.6365877283469811,0.28987660120405057,8590,france;friuli_venezia_giulia,100,g_model/exp035_tilemean/metrics_fold0.json
exp035_tilemean,exp035,4,tile_rmse,0.5860327155172272,0.9626411048329991,0.5860327155172272,8737,andalusia;bihar;florida;jakarta;kinshasa,100,g_model/exp035_tilemean/metrics_fold4.json
exp038,exp038,0,tile_rmse,0.28954370433987225,0.6398408823733328,0.28954370433987225,8590,france;friuli_venezia_giulia,100,g_model/exp038/metrics_fold0.json
exp038,exp038,1,tile_rmse,0.746893869706954,1.0864423935021075,0.746893869706954,8700,borno_state;ecuador;gaza_province;guangdong;hat_yai,100,g_model/exp038/metrics_fold1.json
exp038,exp038,2,tile_rmse,0.6688708736851235,1.1680869894285208,0.6688708736851235,7319,atlantic_coast;cape_town;central_philippines;jamaica,100,g_model/exp038/metrics_fold2.json
exp038,exp038,3,tile_rmse,0.800961401448547,1.4555596787241383,0.800961401448547,7340,aceh;bahia_blanca;central_vietnam;dhaka,100,g_model/exp038/metrics_fold3.json
exp038,exp038,4,tile_rmse,0.5960728986265731,0.9733646378012824,0.5960728986265731,8737,andalusia;bihar;florida;jakarta;kinshasa,100,g_model/exp038/metrics_fold4.json
exp038_canonical_only,exp038,0,tile_rmse,0.2849349839654041,0.6313386309222352,0.2849349839654041,8590,france;friuli_venezia_giulia,100,g_model/exp038_canonical_only/metrics_fold0.json
exp038_canonical_only,exp038,1,tile_rmse,0.7333759175223866,1.0962969342447146,0.7333759175223866,8700,borno_state;ecuador;gaza_province;guangdong;hat_yai,100,g_model/exp038_canonical_only/metrics_fold1.json
exp038_canonical_only,exp038,2,tile_rmse,0.6715365029705533,1.172144810877518,0.6715365029705533,7319,atlantic_coast;cape_town;central_philippines;jamaica,100,g_model/exp038_canonical_only/metrics_fold2.json
exp038_canonical_only,exp038,3,tile_rmse,0.7977982191708984,1.4334296725299818,0.7977982191708984,7340,aceh;bahia_blanca;central_vietnam;dhaka,100,g_model/exp038_canonical_only/metrics_fold3.json
exp038_canonical_only,exp038,4,tile_rmse,0.5932991657791113,0.9675926117694916,0.5932991657791113,8737,andalusia;bihar;florida;jakarta;kinshasa,100,g_model/exp038_canonical_only/metrics_fold4.json
exp038_engineered_only,exp038,0,tile_rmse,0.29232210737584774,0.641537364785394,0.29232210737584774,8590,france;friuli_venezia_giulia,100,g_model/exp038_engineered_only/metrics_fold0.json
exp038_engineered_only,exp038,4,tile_rmse,0.5869658811490515,0.9533784783035519,0.5869658811490515,8737,andalusia;bihar;florida;jakarta;kinshasa,100,g_model/exp038_engineered_only/metrics_fold4.json
exp038_features,exp038,0,tile_rmse,0.2885981750293994,0.6327127827936859,0.2885981750293994,8590,france;friuli_venezia_giulia,100,g_model/exp038_features/metrics_fold0.json
exp038_features,exp038,1,tile_rmse,0.7266042879806168,1.075870016618641,0.7266042879806168,8700,borno_state;ecuador;gaza_province;guangdong;hat_yai,100,g_model/exp038_features/metrics_fold1.json
exp038_features,exp038,2,tile_rmse,0.6635462615737207,1.1531018312826262,0.6635462615737207,7319,atlantic_coast;cape_town;central_philippines;jamaica,100,g_model/exp038_features/metrics_fold2.json
exp038_features,exp038,3,tile_rmse,0.8025890264183039,1.4442871216027475,0.8025890264183039,7340,aceh;bahia_blanca;central_vietnam;dhaka,100,g_model/exp038_features/metrics_fold3.json
exp038_features,exp038,4,tile_rmse,0.5933607214305171,0.9658130709001073,0.5933607214305171,8737,andalusia;bihar;florida;jakarta;kinshasa,100,g_model/exp038_features/metrics_fold4.json
exp038_seed123,exp038,0,tile_rmse,0.28946741611910365,0.6385384695675206,0.28946741611910365,8590,france;friuli_venezia_giulia,100,g_model/exp038_seed123/metrics_fold0.json
exp038_seed123,exp038,1,tile_rmse,0.628760080118289,1.0291560768332164,0.628760080118289,8700,bihar;borno_state;central_philippines;ecuador;gaza_province,100,g_model/exp038_seed123/metrics_fold1.json
exp038_seed123,exp038,2,tile_rmse,0.5141993941214179,0.9381726895605891,0.5141993941214179,7319,atlantic_coast;cape_town;dhaka;hat_yai,100,g_model/exp038_seed123/metrics_fold2.json
exp038_seed123,exp038,3,tile_rmse,1.0095931364015274,1.6441240897776466,1.0095931364015274,7340,aceh;bahia_blanca;central_vietnam;jamaica,100,g_model/exp038_seed123/metrics_fold3.json
exp038_seed123,exp038,4,tile_rmse,0.6413891319621683,0.9942752527181349,0.6413891319621683,8737,andalusia;florida;guangdong;jakarta;kinshasa,100,g_model/exp038_seed123/metrics_fold4.json
exp038_seed456,exp038,0,tile_rmse,0.2941880041180445,0.6481471510357034,0.2941880041180445,8590,france;friuli_venezia_giulia,100,g_model/exp038_seed456/metrics_fold0.json
exp038_seed456,exp038,1,tile_rmse,0.6427009157236965,1.1179250974254191,0.6427009157236965,8700,atlantic_coast;borno_state;cape_town;central_philippines;jamaica,100,g_model/exp038_seed456/metrics_fold1.json
exp038_seed456,exp038,2,tile_rmse,0.8163934272240218,1.3269747060336488,0.8163934272240218,7319,bahia_blanca;central_vietnam;ecuador;gaza_province,100,g_model/exp038_seed456/metrics_fold2.json
exp038_seed456,exp038,3,tile_rmse,0.9643214268076972,1.4217248963808569,0.9643214268076972,7340,aceh;dhaka;hat_yai;jakarta,100,g_model/exp038_seed456/metrics_fold3.json
exp038_seed456,exp038,4,tile_rmse,0.4852908103174321,0.8767440802455521,0.4852908103174321,8737,andalusia;bihar;florida;guangdong;kinshasa,100,g_model/exp038_seed456/metrics_fold4.json
exp038_sigmafixed,exp038,0,tile_rmse,0.2867851654520829,0.630335441687789,0.2867851654520829,8590,france;friuli_venezia_giulia,100,g_model/exp038_sigmafixed/metrics_fold0.json
exp038_sigmafixed,exp038,1,tile_rmse,0.7300473162771641,1.0826483293683398,0.7300473162771641,8700,borno_state;ecuador;gaza_province;guangdong;hat_yai,100,g_model/exp038_sigmafixed/metrics_fold1.json
exp038_sigmafixed,exp038,2,tile_rmse,0.6718129909931106,1.1853533647900523,0.6718129909931106,7319,atlantic_coast;cape_town;central_philippines;jamaica,100,g_model/exp038_sigmafixed/metrics_fold2.json
exp038_sigmafixed,exp038,3,tile_rmse,0.7991722376139109,1.4511340452636257,0.7991722376139109,7340,aceh;bahia_blanca;central_vietnam;dhaka,100,g_model/exp038_sigmafixed/metrics_fold3.json
exp038_sigmafixed,exp038,4,tile_rmse,0.5906305694806572,0.9628080301796447,0.5906305694806572,8737,andalusia;bihar;florida;jakarta;kinshasa,100,g_model/exp038_sigmafixed/metrics_fold4.json
exp040,exp040,0,tile_rmse,0.2954636943909286,0.6306170460305678,0.2954636943909286,8590,france;friuli_venezia_giulia,100,g_model/exp040/metrics_fold0.json
exp040,exp040,4,tile_rmse,0.6071851743472391,0.9700713157996371,0.6071851743472391,8737,andalusia;bihar;florida;jakarta;kinshasa,100,g_model/exp040/metrics_fold4.json
exp040_metric,exp040,0,tile_rmse,0.28325966012699916,0.6240290665501328,0.28325966012699916,8590,france;friuli_venezia_giulia,100,g_model/exp040_metric/metrics_fold0.json
exp040_metric,exp040,1,tile_rmse,0.7178489345791697,1.081611437115832,0.7178489345791697,8700,borno_state;ecuador;gaza_province;guangdong;hat_yai,100,g_model/exp040_metric/metrics_fold1.json
exp040_metric,exp040,2,tile_rmse,0.6724867830430896,1.1665418691681861,0.6724867830430896,7319,atlantic_coast;cape_town;central_philippines;jamaica,100,g_model/exp040_metric/metrics_fold2.json
exp040_metric,exp040,3,tile_rmse,0.806983406376855,1.456810265656166,0.806983406376855,7340,aceh;bahia_blanca;central_vietnam;dhaka,100,g_model/exp040_metric/metrics_fold3.json
exp040_metric,exp040,4,tile_rmse,0.5953729587246901,0.9834769718105815,0.5953729587246901,8737,andalusia;bihar;florida;jakarta;kinshasa,100,g_model/exp040_metric/metrics_fold4.json
exp041_control,exp041,0,tile_rmse,0.28954377428339023,0.6398409655637188,0.28954377428339023,8590,france;friuli_venezia_giulia,5,g_model/exp041_control/metrics_fold0.json
exp041_control,exp041,4,tile_rmse,0.5960732242656379,0.9733646986053384,0.5960732242656379,8737,andalusia;bihar;florida;jakarta;kinshasa,5,g_model/exp041_control/metrics_fold4.json
exp041_metric,exp041,0,tile_rmse,0.28954375083704625,0.6398408860771015,0.28954375083704625,8590,france;friuli_venezia_giulia,5,g_model/exp041_metric/metrics_fold0.json
exp041_metric,exp041,4,tile_rmse,0.5960731733114097,0.9733648338815509,0.5960731733114097,8737,andalusia;bihar;florida;jakarta;kinshasa,5,g_model/exp041_metric/metrics_fold4.json
exp045,exp045,0,tile_rmse,0.2920998558384714,0.629059941294442,0.2920998558384714,8590,france;friuli_venezia_giulia,100,g_model/exp045/metrics_fold0.json
exp045,exp045,4,tile_rmse,0.6114723663813355,1.0042663419914515,0.6114723663813355,8737,andalusia;bihar;florida;jakarta;kinshasa,100,g_model/exp045/metrics_fold4.json
exp047,exp047,0,tile_rmse,0.2771976716027132,0.6190877787870203,0.2771976716027132,8590,france;friuli_venezia_giulia,100,g_model/exp047/metrics_fold0.json
exp047,exp047,1,tile_rmse,0.7130085374569071,1.0724056343975317,0.7130085374569071,8700,borno_state;ecuador;gaza_province;guangdong;hat_yai,100,g_model/exp047/metrics_fold1.json
exp047,exp047,2,tile_rmse,0.6840646116785508,1.2020437752178978,0.6840646116785508,7319,atlantic_coast;cape_town;central_philippines;jamaica,100,g_model/exp047/metrics_fold2.json
exp047,exp047,3,tile_rmse,0.810663195693363,1.4584979525118016,0.810663195693363,7340,aceh;bahia_blanca;central_vietnam;dhaka,100,g_model/exp047/metrics_fold3.json
exp047,exp047,4,tile_rmse,0.597023463670812,0.9652898184655011,0.597023463670812,8737,andalusia;bihar;florida;jakarta;kinshasa,100,g_model/exp047/metrics_fold4.json
exp047_sigmafixed,exp047,0,tile_rmse,0.28163847089577054,0.6278686461856597,0.28163847089577054,8590,france;friuli_venezia_giulia,100,g_model/exp047_sigmafixed/metrics_fold0.json
exp047_sigmafixed,exp047,1,tile_rmse,0.7144419739438199,1.0904298164994088,0.7144419739438199,8700,borno_state;ecuador;gaza_province;guangdong;hat_yai,100,g_model/exp047_sigmafixed/metrics_fold1.json
exp047_sigmafixed,exp047,2,tile_rmse,0.6772610828156256,1.1975913331697956,0.6772610828156256,7319,atlantic_coast;cape_town;central_philippines;jamaica,100,g_model/exp047_sigmafixed/metrics_fold2.json
exp047_sigmafixed,exp047,3,tile_rmse,0.813664358469584,1.4655452964402513,0.813664358469584,7340,aceh;bahia_blanca;central_vietnam;dhaka,100,g_model/exp047_sigmafixed/metrics_fold3.json
exp047_sigmafixed,exp047,4,tile_rmse,0.5891201410541085,0.9720947456139354,0.5891201410541085,8737,andalusia;bihar;florida;jakarta;kinshasa,100,g_model/exp047_sigmafixed/metrics_fold4.json
exp048,exp048,0,tile_rmse,0.2941510197586175,0.647157588720064,0.2941510197586175,8590,france;friuli_venezia_giulia,100,g_model/exp048/metrics_fold0.json
exp048,exp048,4,tile_rmse,0.5894752215422222,0.948860527939816,0.5894752215422222,8737,andalusia;bihar;florida;jakarta;kinshasa,100,g_model/exp048/metrics_fold4.json
exp049,exp049,0,tile_rmse,0.2943451879361733,0.6391155393363732,0.2943451879361733,8590,france;friuli_venezia_giulia,100,g_model/exp049/metrics_fold0.json
exp049,exp049,4,tile_rmse,0.5941589749130924,0.9661810576190554,0.5941589749130924,8737,andalusia;bihar;florida;jakarta;kinshasa,100,g_model/exp049/metrics_fold4.json
exp050,exp050,0,tile_rmse,0.29022021937217646,0.6262815352333221,0.29022021937217646,8590,france;friuli_venezia_giulia,100,g_model/exp050/metrics_fold0.json
exp050,exp050,1,tile_rmse,0.7389423624674479,1.1016574401961723,0.7389423624674479,8700,borno_state;ecuador;gaza_province;guangdong;hat_yai,100,g_model/exp050/metrics_fold1.json
exp050,exp050,2,tile_rmse,0.672516053093312,1.1732706904323837,0.672516053093312,7319,atlantic_coast;cape_town;central_philippines;jamaica,100,g_model/exp050/metrics_fold2.json
exp050,exp050,3,tile_rmse,0.7945064173711905,1.4290331896641293,0.7945064173711905,7340,aceh;bahia_blanca;central_vietnam;dhaka,100,g_model/exp050/metrics_fold3.json
exp050,exp050,4,tile_rmse,0.5885644749487458,0.9680825041280424,0.5885644749487458,8737,andalusia;bihar;florida;jakarta;kinshasa,100,g_model/exp050/metrics_fold4.json
exp050_sigmafixed,exp050,0,tile_rmse,0.284820518327814,0.6280825889509623,0.284820518327814,8590,france;friuli_venezia_giulia,100,g_model/exp050_sigmafixed/metrics_fold0.json
exp050_sigmafixed,exp050,1,tile_rmse,0.7272986853807822,1.0863976522175542,0.7272986853807822,8700,borno_state;ecuador;gaza_province;guangdong;hat_yai,100,g_model/exp050_sigmafixed/metrics_fold1.json
exp050_sigmafixed,exp050,2,tile_rmse,0.6696720809652467,1.1699227112459312,0.6696720809652467,7319,atlantic_coast;cape_town;central_philippines;jamaica,100,g_model/exp050_sigmafixed/metrics_fold2.json
exp050_sigmafixed,exp050,3,tile_rmse,0.796391652751846,1.4458254319398562,0.796391652751846,7340,aceh;bahia_blanca;central_vietnam;dhaka,100,g_model/exp050_sigmafixed/metrics_fold3.json
exp050_sigmafixed,exp050,4,tile_rmse,0.5919323571318823,0.9763966827101119,0.5919323571318823,8737,andalusia;bihar;florida;jakarta;kinshasa,100,g_model/exp050_sigmafixed/metrics_fold4.json
exp051,exp051,0,tile_rmse,0.29167993038858053,0.6257393600692746,0.29167993038858053,8590,france;friuli_venezia_giulia,100,g_model/exp051/metrics_fold0.json
exp051,exp051,1,tile_rmse,0.7423320601452356,1.0920093652258351,0.7423320601452356,8700,borno_state;ecuador;gaza_province;guangdong;hat_yai,100,g_model/exp051/metrics_fold1.json
exp051,exp051,2,tile_rmse,0.6706121537403292,1.1753094396822148,0.6706121537403292,7319,atlantic_coast;cape_town;central_philippines;jamaica,100,g_model/exp051/metrics_fold2.json
exp051,exp051,3,tile_rmse,0.7965873449787051,1.4291298457600348,0.7965873449787051,7340,aceh;bahia_blanca;central_vietnam;dhaka,100,g_model/exp051/metrics_fold3.json
exp051,exp051,4,tile_rmse,0.5905703467267786,0.9717611795035054,0.5905703467267786,8737,andalusia;bihar;florida;jakarta;kinshasa,100,g_model/exp051/metrics_fold4.json
exp052,exp052,0,tile_rmse,0.28834026423266657,0.6238017070435474,0.28834026423266657,8590,france;friuli_venezia_giulia,100,g_model/exp052/metrics_fold0.json
exp052,exp052,1,tile_rmse,0.7466396207919066,1.1024417434556981,0.7466396207919066,8700,borno_state;ecuador;gaza_province;guangdong;hat_yai,100,g_model/exp052/metrics_fold1.json
exp052,exp052,2,tile_rmse,0.6718860789166398,1.1844628357158613,0.6718860789166398,7319,atlantic_coast;cape_town;central_philippines;jamaica,100,g_model/exp052/metrics_fold2.json
exp052,exp052,3,tile_rmse,0.7969799253186186,1.4331937911562453,0.7969799253186186,7340,aceh;bahia_blanca;central_vietnam;dhaka,100,g_model/exp052/metrics_fold3.json
exp052,exp052,4,tile_rmse,0.591021216739789,0.9680757228588597,0.591021216739789,8737,andalusia;bihar;florida;jakarta;kinshasa,100,g_model/exp052/metrics_fold4.json
exp053,exp053,0,tile_rmse,0.1992960807157201,0.44723607996712594,0.1992960807157201,8590,france;friuli_venezia_giulia,100,g_model/exp053/metrics_fold0.json
exp053,exp053,4,tile_rmse,0.3775711345723091,0.6117919509790435,0.3775711345723091,8737,andalusia;bihar;florida;jakarta;kinshasa,100,g_model/exp053/metrics_fold4.json
exp054_heavytail,exp054,0,tile_rmse,0.29457144600548485,0.6227273662828313,0.29457144600548485,8590,france;friuli_venezia_giulia,100,g_model/exp054_heavytail/metrics_fold0.json
exp054_heavytail,exp054,4,tile_rmse,0.5916730981677023,0.9567704488978147,0.5916730981677023,8737,andalusia;bihar;florida;jakarta;kinshasa,100,g_model/exp054_heavytail/metrics_fold4.json
exp054_midband,exp054,0,tile_rmse,0.28811997077032075,0.6383227412264941,0.28811997077032075,8590,france;friuli_venezia_giulia,100,g_model/exp054_midband/metrics_fold0.json
exp054_midband,exp054,1,tile_rmse,0.7431335995115083,1.0825452250414762,0.7431335995115083,8700,borno_state;ecuador;gaza_province;guangdong;hat_yai,100,g_model/exp054_midband/metrics_fold1.json
exp054_midband,exp054,2,tile_rmse,0.6726440491267022,1.1822201897154732,0.6726440491267022,7319,atlantic_coast;cape_town;central_philippines;jamaica,100,g_model/exp054_midband/metrics_fold2.json
exp054_midband,exp054,3,tile_rmse,0.795312007957161,1.433609592652094,0.795312007957161,7340,aceh;bahia_blanca;central_vietnam;dhaka,100,g_model/exp054_midband/metrics_fold3.json
exp054_midband,exp054,4,tile_rmse,0.5878417018800548,0.9577325189441734,0.5878417018800548,8737,andalusia;bihar;florida;jakarta;kinshasa,100,g_model/exp054_midband/metrics_fold4.json
exp056,exp056,0,tile_rmse,0.28158822691412827,0.6400593883417564,0.28158822691412827,8590,france;friuli_venezia_giulia,100,g_model/exp056/metrics_fold0.json
exp056,exp056,1,tile_rmse,0.7271529936516422,1.0858458271915274,0.7271529936516422,8700,borno_state;ecuador;gaza_province;guangdong;hat_yai,100,g_model/exp056/metrics_fold1.json
exp056,exp056,2,tile_rmse,0.6651510865601755,1.164101857460905,0.6651510865601755,7319,atlantic_coast;cape_town;central_philippines;jamaica,100,g_model/exp056/metrics_fold2.json
exp056,exp056,3,tile_rmse,0.7935110943569555,1.441212213098601,0.7935110943569555,7340,aceh;bahia_blanca;central_vietnam;dhaka,100,g_model/exp056/metrics_fold3.json
exp056,exp056,4,tile_rmse,0.5850300937191741,0.9527896659229151,0.5850300937191741,8737,andalusia;bihar;florida;jakarta;kinshasa,100,g_model/exp056/metrics_fold4.json
exp056_seed123,exp056,0,tile_rmse,0.28430897726030097,0.6230989851327623,0.28430897726030097,8590,france;friuli_venezia_giulia,100,g_model/exp056_seed123/metrics_fold0.json
exp056_seed123,exp056,1,tile_rmse,0.6513586250803937,1.0602215788297942,0.6513586250803937,8700,bihar;borno_state;central_philippines;ecuador;gaza_province,100,g_model/exp056_seed123/metrics_fold1.json
exp056_seed123,exp056,2,tile_rmse,0.5094176994969788,0.9200024006127615,0.5094176994969788,7319,atlantic_coast;cape_town;dhaka;hat_yai,100,g_model/exp056_seed123/metrics_fold2.json
exp056_seed123,exp056,3,tile_rmse,1.0032284594036902,1.6149321100355603,1.0032284594036902,7340,aceh;bahia_blanca;central_vietnam;jamaica,100,g_model/exp056_seed123/metrics_fold3.json
exp056_seed123,exp056,4,tile_rmse,0.6398616488880132,0.9802653481928171,0.6398616488880132,8737,andalusia;florida;guangdong;jakarta;kinshasa,100,g_model/exp056_seed123/metrics_fold4.json
exp056_seed1337,exp056,0,tile_rmse,0.28551680329445495,0.6351608763378785,0.28551680329445495,8590,france;friuli_venezia_giulia,100,g_model/exp056_seed1337/metrics_fold0.json
exp056_seed1337,exp056,1,tile_rmse,0.6317229050877451,1.062128695144855,0.6317229050877451,8700,atlantic_coast;bahia_blanca;borno_state;central_philippines;gaza_province,100,g_model/exp056_seed1337/metrics_fold1.json
exp056_seed1337,exp056,2,tile_rmse,0.6170370868319517,1.1485742292483325,0.6170370868319517,7319,bihar;cape_town;central_vietnam;ecuador,100,g_model/exp056_seed1337/metrics_fold2.json
exp056_seed1337,exp056,3,tile_rmse,1.2279434185911589,1.6695542810274353,1.2279434185911589,7340,aceh;hat_yai;jakarta;jamaica,100,g_model/exp056_seed1337/metrics_fold3.json
exp056_seed1337,exp056,4,tile_rmse,0.4821816551336724,0.8676239149176601,0.4821816551336724,8737,andalusia;dhaka;florida;guangdong;kinshasa,100,g_model/exp056_seed1337/metrics_fold4.json
exp056_seed2024,exp056,0,tile_rmse,0.2803348626919759,0.622321558070773,0.2803348626919759,8590,france;friuli_venezia_giulia,100,g_model/exp056_seed2024/metrics_fold0.json
exp056_seed2024,exp056,1,tile_rmse,0.6760810743255177,1.0802335910444785,0.6760810743255177,8700,atlantic_coast;bahia_blanca;borno_state;gaza_province;hat_yai,100,g_model/exp056_seed2024/metrics_fold1.json
exp056_seed2024,exp056,2,tile_rmse,0.6169251725311764,1.064287407983027,0.6169251725311764,7319,bihar;cape_town;central_philippines;ecuador,100,g_model/exp056_seed2024/metrics_fold2.json
exp056_seed2024,exp056,3,tile_rmse,0.9219125964011419,1.5233408324160915,0.9219125964011419,7340,aceh;central_vietnam;guangdong;jamaica,100,g_model/exp056_seed2024/metrics_fold3.json
exp056_seed2024,exp056,4,tile_rmse,0.5846914414440493,0.9438639299539722,0.5846914414440493,8737,andalusia;dhaka;florida;jakarta;kinshasa,100,g_model/exp056_seed2024/metrics_fold4.json
exp056_seed456,exp056,0,tile_rmse,0.2831507993590984,0.6295673246086673,0.2831507993590984,8590,france;friuli_venezia_giulia,100,g_model/exp056_seed456/metrics_fold0.json
exp056_seed456,exp056,1,tile_rmse,0.650151476863472,1.149002308293172,0.650151476863472,8700,atlantic_coast;borno_state;cape_town;central_philippines;jamaica,100,g_model/exp056_seed456/metrics_fold1.json
exp056_seed456,exp056,2,tile_rmse,0.8097626460935757,1.3180820055581837,0.8097626460935757,7319,bahia_blanca;central_vietnam;ecuador;gaza_province,100,g_model/exp056_seed456/metrics_fold2.json
exp056_seed456,exp056,3,tile_rmse,0.9447506978214599,1.4051434279001,0.9447506978214599,7340,aceh;dhaka;hat_yai;jakarta,100,g_model/exp056_seed456/metrics_fold3.json
exp056_seed456,exp056,4,tile_rmse,0.47656349389056696,0.860922937729125,0.47656349389056696,8737,andalusia;bihar;florida;guangdong;kinshasa,100,g_model/exp056_seed456/metrics_fold4.json
exp056_seed789,exp056,0,tile_rmse,0.28630358780776527,0.6347865601240962,0.28630358780776527,8590,france;friuli_venezia_giulia,100,g_model/exp056_seed789/metrics_fold0.json
exp056_seed789,exp056,1,tile_rmse,0.7482181465488741,1.117398139804361,0.7482181465488741,8700,borno_state;cape_town;central_philippines;ecuador;jakarta,100,g_model/exp056_seed789/metrics_fold1.json
exp056_seed789,exp056,2,tile_rmse,0.5765665362497825,0.9728279793665929,0.5765665362497825,7319,atlantic_coast;dhaka;gaza_province;hat_yai,100,g_model/exp056_seed789/metrics_fold2.json
exp056_seed789,exp056,3,tile_rmse,0.8458145093751376,1.461935230686915,0.8458145093751376,7340,aceh;bahia_blanca;central_vietnam;guangdong,100,g_model/exp056_seed789/metrics_fold3.json
exp056_seed789,exp056,4,tile_rmse,0.607796692638085,1.0650698145064375,0.607796692638085,8737,andalusia;bihar;florida;jamaica;kinshasa,100,g_model/exp056_seed789/metrics_fold4.json
exp056_wd10x,exp056,0,tile_rmse,0.2836313670325474,0.6301559266480465,0.2836313670325474,8590,france;friuli_venezia_giulia,100,g_model/exp056_wd10x/metrics_fold0.json
exp056_wd10x,exp056,4,tile_rmse,0.5855108349099781,0.9505321574766544,0.5855108349099781,8737,andalusia;bihar;florida;jakarta;kinshasa,100,g_model/exp056_wd10x/metrics_fold4.json
exp056_wd5x,exp056,0,tile_rmse,0.2860597022857877,0.6368752185023924,0.2860597022857877,8590,france;friuli_venezia_giulia,100,g_model/exp056_wd5x/metrics_fold0.json
exp056_wd5x,exp056,4,tile_rmse,0.5878427173284422,0.9570481166800744,0.5878427173284422,8737,andalusia;bihar;florida;jakarta;kinshasa,100,g_model/exp056_wd5x/metrics_fold4.json
exp059,exp059,0,tile_rmse,0.28238495903325994,0.6255100946816997,0.28238495903325994,8590,france;friuli_venezia_giulia,100,g_model/exp059/metrics_fold0.json
exp059,exp059,4,tile_rmse,0.591486023760939,0.9518709765070008,0.591486023760939,8737,andalusia;bihar;florida;jakarta;kinshasa,100,g_model/exp059/metrics_fold4.json
exp060,exp060,0,tile_rmse,0.28661628375924925,0.6395628075341222,0.28661628375924925,8590,france;friuli_venezia_giulia,100,g_model/exp060/metrics_fold0.json
exp060,exp060,4,tile_rmse,0.6008234646018261,0.9737541108261573,0.6008234646018261,8737,andalusia;bihar;florida;jakarta;kinshasa,100,g_model/exp060/metrics_fold4.json
exp062,exp062,0,tile_rmse,0.2836803225564041,0.6337556834240257,0.2836803225564041,8590,france;friuli_venezia_giulia,100,g_model/exp062/metrics_fold0.json
exp062,exp062,4,tile_rmse,0.5832422459420233,0.9495219916969749,0.5832422459420233,8737,andalusia;bihar;florida;jakarta;kinshasa,100,g_model/exp062/metrics_fold4.json
exp063,exp063,0,tile_rmse,0.28473945187883964,0.6267121235833221,0.28473945187883964,8590,france;friuli_venezia_giulia,100,g_model/exp063/metrics_fold0.json
exp063,exp063,4,tile_rmse,0.5940956336158193,0.9659548733766643,0.5940956336158193,8737,andalusia;bihar;florida;jakarta;kinshasa,100,g_model/exp063/metrics_fold4.json
exp063_cr2,exp063,0,tile_rmse,0.2830157103721699,0.6272942810954616,0.2830157103721699,8590,france;friuli_venezia_giulia,100,g_model/exp063_cr2/metrics_fold0.json
exp063_cr2,exp063,4,tile_rmse,0.5914331627810344,0.9594652409034059,0.5914331627810344,8737,andalusia;bihar;florida;jakarta;kinshasa,100,g_model/exp063_cr2/metrics_fold4.json
exp063_cr3,exp063,0,tile_rmse,0.2883822640002953,0.6269278518675248,0.2883822640002953,8590,france;friuli_venezia_giulia,100,g_model/exp063_cr3/metrics_fold0.json
exp063_cr3,exp063,4,tile_rmse,0.5923686975729852,0.9537495288144695,0.5923686975729852,8737,andalusia;bihar;florida;jakarta;kinshasa,100,g_model/exp063_cr3/metrics_fold4.json
exp064_convnext,exp064,0,tile_rmse,0.2839742759192781,0.6256507633413432,0.2839742759192781,8590,france;friuli_venezia_giulia,100,g_model/exp064_convnext/metrics_fold0.json
exp064_convnext,exp064,4,tile_rmse,0.5941469812162602,0.9636712661529141,0.5941469812162602,8737,andalusia;bihar;florida;jakarta;kinshasa,100,g_model/exp064_convnext/metrics_fold4.json
exp064_convnext_lr2e4,exp064,0,tile_rmse,0.28469884933879963,0.6258419293877434,0.28469884933879963,8590,france;friuli_venezia_giulia,100,g_model/exp064_convnext_lr2e4/metrics_fold0.json
exp064_convnext_lr2e4,exp064,1,tile_rmse,0.724804265882777,1.1068472782237992,0.724804265882777,8700,borno_state;ecuador;gaza_province;guangdong;hat_yai,100,g_model/exp064_convnext_lr2e4/metrics_fold1.json
exp064_convnext_lr2e4,exp064,2,tile_rmse,0.6630571352147163,1.1548989965641183,0.6630571352147163,7319,atlantic_coast;cape_town;central_philippines;jamaica,100,g_model/exp064_convnext_lr2e4/metrics_fold2.json
exp064_convnext_lr2e4,exp064,4,tile_rmse,0.5868704980334142,0.9587000203168076,0.5868704980334142,8737,andalusia;bihar;florida;jakarta;kinshasa,100,g_model/exp064_convnext_lr2e4/metrics_fold4.json
exp064_convnext_small_lr2e4,exp064,0,tile_rmse,0.2792459392852916,0.6128366174198486,0.2792459392852916,8590,france;friuli_venezia_giulia,25,g_model/exp064_convnext_small_lr2e4/metrics_fold0.json
exp064_convnext_small_lr2e4,exp064,1,tile_rmse,0.7420241546630859,1.0819590874634808,0.7420241546630859,8700,borno_state;ecuador;gaza_province;guangdong;hat_yai,27,g_model/exp064_convnext_small_lr2e4/metrics_fold1.json
exp064_convnext_small_lr2e4,exp064,2,tile_rmse,0.6612545714629268,1.1556807432564515,0.6612545714629268,7319,atlantic_coast;cape_town;central_philippines;jamaica,27,g_model/exp064_convnext_small_lr2e4/metrics_fold2.json
exp064_convnext_small_lr2e4,exp064,4,tile_rmse,0.5941226807157194,0.97789109270762,0.5941226807157194,8737,andalusia;bihar;florida;jakarta;kinshasa,28,g_model/exp064_convnext_small_lr2e4/metrics_fold4.json
exp064_effb3,exp064,0,tile_rmse,0.2883343576743106,0.6278271145527328,0.2883343576743106,8590,france;friuli_venezia_giulia,100,g_model/exp064_effb3/metrics_fold0.json
exp064_effb3,exp064,1,tile_rmse,0.7059235776018822,1.0689213875192582,0.7059235776018822,8700,borno_state;ecuador;gaza_province;guangdong;hat_yai,100,g_model/exp064_effb3/metrics_fold1.json
exp064_effb3,exp064,2,tile_rmse,0.6636213678278743,1.1651526074148548,0.6636213678278743,7319,atlantic_coast;cape_town;central_philippines;jamaica,100,g_model/exp064_effb3/metrics_fold2.json
exp064_effb3,exp064,3,tile_rmse,0.7981992483067983,1.4543969209671324,0.7981992483067983,7340,aceh;bahia_blanca;central_vietnam;dhaka,100,g_model/exp064_effb3/metrics_fold3.json
exp064_effb3,exp064,4,tile_rmse,0.5813508622124032,0.9408058983482915,0.5813508622124032,8737,andalusia;bihar;florida;jakarta;kinshasa,100,g_model/exp064_effb3/metrics_fold4.json
exp064_effb4,exp064,0,tile_rmse,0.28362197972773395,0.6191106443418833,0.28362197972773395,8590,france;friuli_venezia_giulia,24,g_model/exp064_effb4/metrics_fold0.json
exp064_effb4,exp064,1,tile_rmse,0.7212268841061099,1.0883865506242423,0.7212268841061099,8700,borno_state;ecuador;gaza_province;guangdong;hat_yai,22,g_model/exp064_effb4/metrics_fold1.json
exp064_effb4,exp064,2,tile_rmse,0.6786854978890542,1.191324611893337,0.6786854978890542,7319,atlantic_coast;cape_town;central_philippines;jamaica,22,g_model/exp064_effb4/metrics_fold2.json
exp064_effb4,exp064,3,tile_rmse,0.8140747138230531,1.4875793892308309,0.8140747138230531,7340,aceh;bahia_blanca;central_vietnam;dhaka,30,g_model/exp064_effb4/metrics_fold3.json
exp064_effb4,exp064,4,tile_rmse,0.5873366350356455,0.9566781833147735,0.5873366350356455,8737,andalusia;bihar;florida;jakarta;kinshasa,26,g_model/exp064_effb4/metrics_fold4.json
exp064_effv2s,exp064,0,tile_rmse,0.2820796011985042,0.6299037443968604,0.2820796011985042,8590,france;friuli_venezia_giulia,100,g_model/exp064_effv2s/metrics_fold0.json
exp064_effv2s,exp064,1,tile_rmse,0.7353446437298566,1.1071849351214786,0.7353446437298566,8700,borno_state;ecuador;gaza_province;guangdong;hat_yai,100,g_model/exp064_effv2s/metrics_fold1.json
exp064_effv2s,exp064,2,tile_rmse,0.675586233896088,1.1943345613967566,0.675586233896088,7319,atlantic_coast;cape_town;central_philippines;jamaica,100,g_model/exp064_effv2s/metrics_fold2.json
exp064_effv2s,exp064,3,tile_rmse,0.8041457677376774,1.4753971676890132,0.8041457677376774,7340,aceh;bahia_blanca;central_vietnam;dhaka,100,g_model/exp064_effv2s/metrics_fold3.json
exp064_effv2s,exp064,4,tile_rmse,0.5853071904358444,0.9642748345601201,0.5853071904358444,8737,andalusia;bihar;florida;jakarta;kinshasa,100,g_model/exp064_effv2s/metrics_fold4.json
exp064_resnet34,exp064,0,tile_rmse,0.2869865446901155,0.6409715979265285,0.2869865446901155,8590,france;friuli_venezia_giulia,100,g_model/exp064_resnet34/metrics_fold0.json
exp064_resnet34,exp064,4,tile_rmse,0.5928079734558616,0.9615933916134533,0.5928079734558616,8737,andalusia;bihar;florida;jakarta;kinshasa,100,g_model/exp064_resnet34/metrics_fold4.json
exp064_swin_lr2e4,exp064,0,tile_rmse,0.2740404764764939,0.6014959722436893,0.2740404764764939,8590,france;friuli_venezia_giulia,100,g_model/exp064_swin_lr2e4/metrics_fold0.json
exp064_swin_lr2e4,exp064,1,tile_rmse,0.7193593842955841,1.0800585031310534,0.7193593842955841,8700,borno_state;ecuador;gaza_province;guangdong;hat_yai,100,g_model/exp064_swin_lr2e4/metrics_fold1.json
exp064_swin_lr2e4,exp064,2,tile_rmse,0.663864743574784,1.1759191493005925,0.663864743574784,7319,atlantic_coast;cape_town;central_philippines;jamaica,100,g_model/exp064_swin_lr2e4/metrics_fold2.json
exp064_swin_lr2e4,exp064,3,tile_rmse,0.7968230940107185,1.4343610506813667,0.7968230940107185,7340,aceh;bahia_blanca;central_vietnam;dhaka,100,g_model/exp064_swin_lr2e4/metrics_fold3.json
exp064_swin_lr2e4,exp064,4,tile_rmse,0.5857148845415169,0.9449925946729208,0.5857148845415169,8737,andalusia;bihar;florida;jakarta;kinshasa,100,g_model/exp064_swin_lr2e4/metrics_fold4.json
